{
	"info": {
		"_postman_id": "92498a31-7314-4dbe-901c-653237c8571f",
		"name": "FSR-01",
		"schema": "https://schema.getpostman.com/json/collection/v2.1.0/collection.json"
	},
	"item": [
		{
			"name": "findByIdTaller",
			"request": {
				"method": "GET",
				"header": [],
				"url": {
					"raw": "http://localhost:8080/talleres/id-taller/9",
					"protocol": "http",
					"host": [
						"localhost"
					],
					"port": "8080",
					"path": [
						"talleres",
						"id-taller",
						"9"
					]
				}
			},
			"response": []
		},
		{
			"name": "getAll",
			"request": {
				"method": "GET",
				"header": [],
				"url": {
					"raw": "http://localhost:8080/talleres",
					"protocol": "http",
					"host": [
						"localhost"
					],
					"port": "8080",
					"path": [
						"talleres"
					]
				}
			},
			"response": []
		},
		{
			"name": "findById",
			"request": {
				"method": "GET",
				"header": [],
				"url": {
					"raw": "http://localhost:8080/talleres/61462d631430862c54ed1726",
					"protocol": "http",
					"host": [
						"localhost"
					],
					"port": "8080",
					"path": [
						"talleres",
						"61462d631430862c54ed1726"
					]
				}
			},
			"response": []
		},
		{
			"name": "New Request",
			"request": {
				"method": "GET",
				"header": [],
				"url": null
			},
			"response": []
		}
	]
}