[{
  "_id": {
    "$oid": "60a74ee5af1766af40ab8429"
  },
  "taller-id": 1,
  "taller-nombre": "Angular 12",
  "instructor-id": 1,
  "instructor-nombre": "Luis Vilcarromero",
  "situacion-id": 1,
  "situacion-nombre": "Programado",
  "estado": "1"
},{
  "_id": {
    "$oid": "60a74fe09e5e4830a8c3a7c5"
  },
  "taller-id": 2,
  "taller-nombre": "Oracle Databse 19c New Features",
  "instructor-id": 2,
  "instructor-nombre": "Cesar Hijar",
  "situacion-id": 2,
  "situacion-nombre": "Cerrado",
  "estado": "0"
},{
  "_id": {
    "$oid": "60aeb857a55da72fe2466939"
  },
  "taller-id": 3,
  "taller-nombre": "CQRS Aplicactiones x1",
  "instructor-id": 1,
  "instructor-nombre": "Aristedes Novoa",
  "estado": "1"
},{
  "_id": "60a74ee5af1766af40ab8429",
  "taller-id": 1,
  "taller-nombre": "Angular 12 x41",
  "instructor-id": 1,
  "instructor-nombre": "Luis Vilcarromero 41",
  "estado": "1"
},{
  "_id": {
    "$oid": "60af497f5214304f4d7b507f"
  },
  "taller-id": 1,
  "taller-nombre": "Angular 12 x53",
  "instructor-id": 1,
  "instructor-nombre": "Luis Vilcarromero 53",
  "estado": "1"
},{
  "_id": {
    "$oid": "60af4c566400cf258278d5eb"
  },
  "taller-id": 1,
  "taller-nombre": "Angular 14x4",
  "instructor-id": 1,
  "instructor-nombre": "Luis Vilcarromero 14x4",
  "estado": "1"
},{
  "_id": {
    "$oid": "60af4cb36400cf258278d5ec"
  },
  "taller-id": 1,
  "taller-nombre": "Angular 14x5",
  "instructor-id": 1,
  "instructor-nombre": "Luis Vilcarromero 14x5",
  "estado": "1"
},{
  "_id": {
    "$oid": "60af4e440d50560f5013a25b"
  },
  "taller-id": 1,
  "taller-nombre": "Angular 14x6",
  "instructor-id": 1,
  "instructor-nombre": "Luis Vilcarromero 14x6",
  "estado": "1"
},{
  "_id": {
    "$oid": "614ecf8e90d1025e6a5fa30d"
  },
  "taller-id": 13,
  "taller-nombre": "Angular 13 put 1",
  "instructor-id": "1",
  "instructor-nombre": "Luis Vilcarromero",
  "estado": "1"
},{
  "_id": "af95a88b-12c3-4f78-bdad-c020f6ee0983",
  "taller-id": 14,
  "taller-nombre": "Angular 14 put",
  "instructor-id": "1",
  "instructor-nombre": "Luis Vilcarromero",
  "estado": "0"
}]